name,owner,language,stars,forks,watchers,open_issues,created_date,updated_date,license
tensorflow,tensorflow,C++,197622,76124,197622,2927,2015-11-07,2026-08-25,Apache License 2.0
transformers,huggingface,Python,164426,34358,164426,2396,2018-10-29,2026-08-25,Apache License 2.0
ML-For-Beginners,microsoft,Jupyter Notebook,89785,22075,89785,13,2021-03-03,2026-08-25,MIT License
funNLP,fighting41love,Python,82662,15275,82662,52,2018-08-21,2026-08-25,None
awesome-machine-learning,josephmisiti,Python,74149,15620,74149,27,2014-07-15,2026-08-25,Other
scikit-learn,scikit-learn,Python,67060,27310,67060,2122,2010-08-17,2026-08-25,"BSD 3-Clause ""New"" or ""Revised"" License"
gradio,gradio-app,Python,43416,3581,43416,168,2018-12-19,2026-08-25,Apache License 2.0
500-AI-Machine-learning-Deep-learning-Computer-vision-NLP-Projects-with-code,ashishpatel26,Unknown,36528,7467,36528,68,2021-01-02,2026-08-25,None
C-Plus-Plus,TheAlgorithms,C++,34603,7853,34603,28,2016-07-16,2026-08-25,MIT License
netron,lutzroeder,JavaScript,33399,3178,33399,19,2010-12-26,2026-08-25,MIT License
ML-From-Scratch,eriklindernoren,Python,32522,5432,32522,77,2017-02-05,2026-08-25,MIT License
applied-ml,eugeneyan,Unknown,30081,3991,30081,8,2020-07-04,2026-08-25,MIT License
machine-learning-for-software-engineers,ZuzooVn,Unknown,28867,6147,28867,32,2016-10-09,2026-08-25,Creative Commons Attribution Share Alike 4.0 International
linkedin-skill-assessments-quizzes,Ebazhanov,Python,28808,12902,28808,21,2019-07-13,2026-08-25,GNU Affero General Public License v3.0
cs249r_book,harvard-edge,Python,27999,3534,27999,26,2023-09-06,2026-08-25,Other
shap,shap,Jupyter Notebook,25701,3746,25701,1009,2016-11-22,2026-08-25,MIT License
homemade-machine-learning,trekhleb,Jupyter Notebook,24777,4193,24777,30,2018-11-01,2026-08-25,MIT License
Paddle,PaddlePaddle,C++,24062,6016,24062,1497,2016-08-15,2026-08-25,Apache License 2.0
best-of-ml-python,lukasmasuch,Unknown,23728,3146,23728,54,2020-11-29,2026-08-25,Creative Commons Attribution Share Alike 4.0 International
C,TheAlgorithms,C,22343,4771,22343,19,2016-07-16,2026-08-25,GNU General Public License v3.0
onnx,onnx,Python,21355,4011,21355,286,2017-09-07,2026-08-25,Apache License 2.0
rasa,RasaHQ,Python,21304,4919,21304,154,2016-10-14,2026-08-24,Apache License 2.0
video2x,k4yt3x,C++,21063,1827,21063,131,2018-02-24,2026-08-25,GNU Affero General Public License v3.0
awesome-production-machine-learning,EthicalML,Unknown,20867,2591,20867,31,2018-08-15,2026-08-25,MIT License
machine-learning-for-trading,stefan-jansen,Jupyter Notebook,20635,5562,20635,7,2018-05-09,2026-08-25,MIT License
stanford-cs-229-machine-learning,afshinea,Unknown,20157,4253,20157,20,2018-08-04,2026-08-25,MIT License
ml-agents,Unity-Technologies,C#,19644,4484,19644,20,2017-09-08,2026-08-25,Other
LightGBM,lightgbm-org,C++,18710,4055,18710,513,2016-08-05,2026-08-24,MIT License
ml-engineering,stas00,Python,18703,1206,18703,4,2020-09-02,2026-08-25,Creative Commons Attribution Share Alike 4.0 International
Machine-Learning-Tutorials,ujjwalkarn,Unknown,18141,3969,18141,47,2015-09-12,2026-08-25,Creative Commons Zero v1.0 Universal
ML-NLP,NLP-LOVE,Jupyter Notebook,17799,4627,17799,36,2019-07-05,2026-08-25,None
brpc,apache,C++,17593,4139,17593,463,2017-09-04,2026-08-25,Apache License 2.0
ML-YouTube-Courses,dair-ai,Unknown,17385,2125,17385,21,2021-06-25,2026-08-24,Creative Commons Zero v1.0 Universal
numpy-ml,ddbourgin,Python,16331,3742,16331,47,2019-04-06,2026-08-23,GNU General Public License v3.0
transformers.js,huggingface,JavaScript,16265,1184,16265,272,2023-02-13,2026-08-25,Apache License 2.0
mml-book.github.io,mml-book,Jupyter Notebook,15920,2854,15920,197,2017-12-08,2026-08-24,None
kubeflow,kubeflow,Unknown,15830,2690,15830,0,2017-11-30,2026-08-25,Apache License 2.0
cheatsheets-ai,kailashahirwar,Unknown,15427,3372,15427,12,2017-05-24,2026-08-25,MIT License
ggml,ggml-org,C++,15229,1789,15229,351,2022-09-18,2026-08-25,MIT License
Qix,ty4z2008,Unknown,15194,4574,15194,0,2014-04-20,2026-08-25,Other
imgaug,aleju,Python,14741,2451,14741,311,2015-07-10,2026-08-25,MIT License
bullet3,bulletphysics,C++,14696,3090,14696,424,2011-04-12,2026-08-25,Other
ChatterBot,gunthercox,Python,14509,4421,14509,72,2014-09-28,2026-08-25,"BSD 3-Clause ""New"" or ""Revised"" License"
dlib,davisking,C++,14430,3442,14430,38,2014-01-29,2026-08-25,Boost Software License 1.0
nni,microsoft,Python,14362,1851,14362,415,2018-06-01,2026-08-23,MIT License
mit-deep-learning-book-pdf,janishar,Java,14213,2910,14213,12,2017-04-07,2026-08-24,None
ivy,unifyai,Python,14171,5458,14171,985,2021-01-19,2026-08-25,Other
machine-learning-zoomcamp,DataTalksClub,Jupyter Notebook,14019,3107,14019,3,2020-04-17,2026-08-25,None
handson-ml3,ageron,Jupyter Notebook,14000,5265,14000,107,2022-02-19,2026-08-25,Apache License 2.0
tvm,apache,Python,13686,3961,13686,237,2016-10-12,2026-08-25,Apache License 2.0
Ai-Learn,tangyudi,Unknown,13281,2675,13281,20,2020-01-28,2026-08-24,None
deep-learning-drizzle,kmario23,HTML,12934,2988,12934,5,2018-11-26,2026-08-24,None
machine-learning-interview,khangich,Unknown,12793,2045,12793,9,2020-08-11,2026-08-25,None
python-machine-learning-book,rasbt,Jupyter Notebook,12643,4373,12643,13,2015-08-07,2026-08-24,MIT License
predictionio,apache,Scala,12518,1897,12518,80,2013-01-25,2026-08-21,Apache License 2.0
lime,marcotcr,JavaScript,12165,1847,12165,133,2016-03-15,2026-08-25,"BSD 2-Clause ""Simplified"" License"
cleanlab,cleanlab,Python,11633,917,11633,122,2018-05-11,2026-08-25,Apache License 2.0
dive-into-machine-learning,dive-into-machine-learning,Unknown,11390,1866,11390,0,2015-02-22,2026-08-20,Creative Commons Attribution 4.0 International
MLAlgorithms,rushter,Python,11168,1767,11168,10,2016-10-05,2026-08-24,MIT License
turicreate,apple,C++,11159,1118,11159,522,2017-12-01,2026-08-23,"BSD 3-Clause ""New"" or ""Revised"" License"
amazon-sagemaker-examples,aws,Jupyter Notebook,10980,6961,10980,849,2017-10-23,2026-08-23,Apache License 2.0
A-Curated-List-of-ML-System-Design-Case-Studies,Engineer1999,Unknown,10955,1681,10955,7,2024-05-18,2026-08-25,None
dolly,databrickslabs,Python,10804,1139,10804,5,2023-03-24,2026-08-25,Apache License 2.0
doccano,doccano,Python,10757,1824,10757,397,2018-05-09,2026-08-24,MIT License
mlcourse.ai,Yorko,Python,10692,5696,10692,3,2017-02-27,2026-08-21,Other
machine-learning-systems-design,chiphuyen,HTML,10550,1634,10550,11,2019-11-24,2026-08-25,None
Machine-Learning,Jack-Cherish,Python,10376,5064,10376,7,2017-03-25,2026-08-25,None
machine-learning-notes,roboticcam,Jupyter Notebook,10342,1826,10342,28,2018-02-15,2026-08-25,None
3D-Machine-Learning,timzhang642,Unknown,10192,1798,10192,21,2017-08-12,2026-08-25,None
tpot,EpistasisLab,Jupyter Notebook,10052,1563,10052,312,2015-11-03,2026-08-24,GNU Lesser General Public License v3.0
sktime,sktime,Python,9963,2307,9963,2388,2018-11-06,2026-08-24,"BSD 3-Clause ""New"" or ""Revised"" License"
Stock-Prediction-Models,huseinzol05,Jupyter Notebook,9480,3046,9480,47,2017-12-18,2026-08-25,Apache License 2.0
AIMLInterviews,alirezadir,Jupyter Notebook,9463,1667,9463,11,2021-01-31,2026-08-25,MIT License
cog,replicate,Go,9461,696,9461,70,2021-02-26,2026-08-25,Apache License 2.0
golearn,sjwhitworth,Go,9439,1165,9439,89,2013-12-26,2026-08-22,MIT License
machinelearning,dotnet,C#,9352,1950,9352,1008,2018-05-03,2026-08-25,MIT License
awesome-ml-for-cybersecurity,jivoi,Unknown,9323,1940,9323,33,2016-12-20,2026-08-25,Other
awesome-project-ideas,NirantK,Unknown,9288,1292,9288,7,2017-08-19,2026-08-25,MIT License
catboost,catboost,C++,9075,1323,9075,713,2017-07-18,2026-08-25,Apache License 2.0
machine_learning_examples,lazyprogrammer,Python,8915,6402,8915,33,2014-07-31,2026-08-25,None
state-of-the-art-result-for-machine-learning-problems,RedditSota,Unknown,8893,1293,8893,14,2017-11-09,2026-08-24,Apache License 2.0
pattern,clips,Python,8860,1557,8860,179,2011-05-03,2026-08-25,"BSD 3-Clause ""New"" or ""Revised"" License"
financial-machine-learning,firmai,Python,8759,1410,8759,15,2019-03-21,2026-08-25,None
machinelearning,ljpzzz,Jupyter Notebook,8706,3686,8706,17,2016-05-12,2026-08-21,MIT License
vowpal_wabbit,VowpalWabbit,C++,8706,1926,8706,2,2009-07-31,2026-08-25,Other
MachineLearning_Python,lawlite19,Python,8584,2515,8584,10,2016-10-17,2026-08-25,MIT License
Machine-Learning-Collection,aladdinpersson,Python,8489,2785,8489,118,2020-03-26,2026-08-25,MIT License
approachingalmost,abhishekkrthakur,Unknown,8373,1122,8373,54,2020-07-04,2026-08-22,None
introduction_to_ml_with_python,amueller,Jupyter Notebook,8157,4669,8157,28,2016-05-29,2026-08-25,None
auto-sklearn,automl,Python,8126,1324,8126,207,2015-07-02,2026-08-24,"BSD 3-Clause ""New"" or ""Revised"" License"
machine-learning-cheat-sheet,soulmachine,TeX,8046,1332,8046,11,2013-05-09,2026-08-25,None
cortex,cortexlabs,Go,8011,594,8011,132,2019-01-24,2026-08-20,Apache License 2.0
machine-learning-roadmap,mrdbourke,Unknown,7894,1167,7894,12,2020-07-09,2026-08-24,MIT License
machine-learning-yearning-cn,deeplearning-ai,CSS,7845,1499,7845,4,2018-06-19,2026-08-23,Other
Machine-Learning-Specialization-Coursera,greyhatguy007,Jupyter Notebook,7812,3728,7812,26,2022-06-16,2026-08-25,MIT License
Machine-learning-learning-notes,Vay-keen,Unknown,7763,1879,7763,28,2018-03-24,2026-08-24,None
awesome-youtubers,JoseDeFreitas,Markdown,7749,498,7749,2,2020-08-25,2026-08-25,Creative Commons Zero v1.0 Universal
Learn_Machine_Learning_in_3_Months,llSourcell,Unknown,7602,2311,7602,19,2018-03-02,2026-08-25,None
h2o-3,h2oai,Jupyter Notebook,7495,2025,7495,2882,2014-03-03,2026-08-25,Apache License 2.0
industry-machine-learning,firmai,Jupyter Notebook,7485,1249,7485,3,2019-05-03,2026-08-25,None
